Name,Address,Email Address,Phone Number,Create date,No. of Building,
,Darlene Robert,8502 Preston,jackson.qwqw@example.com,(307) 555-0133,01/09/2024,54896
,Darlene Robert,8502 Preston,jackson.qwqw@example.com,(307) 555-0133,01/09/2024,54896
,Darlene Robert,8502 Preston,jackson.qwqw@example.com,(307) 555-0133,01/09/2024,54896
,Darlene Robert,8502 Preston,jackson.qwqw@example.com,(307) 555-0133,01/09/2024,54896
,Darlene Robert,8502 Preston,jackson.qwqw@example.com,(307) 555-0133,01/09/2024,54896
,Darlene Robert,8502 Preston,jackson.qwqw@example.com,(307) 555-0133,01/09/2024,54896
,Darlene Robert,8502 Preston,jackson.qwqw@example.com,(307) 555-0133,01/09/2024,54896
,Darlene Robert,8502 Preston,jackson.qwqw@example.com,(307) 555-0133,01/09/2024,54896
,Darlene Robert,8502 Preston,jackson.qwqw@example.com,(307) 555-0133,01/09/2024,54896
,Darlene Robert,8502 Preston,jackson.qwqw@example.com,(307) 555-0133,01/09/2024,54896
,Darlene Robert,8502 Preston,jackson.qwqw@example.com,(307) 555-0133,01/09/2024,54896
,Darlene Robert,8502 Preston,jackson.qwqw@example.com,(307) 555-0133,01/09/2024,54896